{"mean_scale":[1.5495556592941284],"mean_R":[0.9991248250007629,-0.01681406795978546,-0.010954729281365871,0.016938330605626106,0.9986427426338196,0.014363598078489304,0.009941100142896175,-0.014303013682365417,0.9979614019393921],"mean_t":[-0.019200308248400688,0.03246251866221428,0.0],"mean_exp":[-0.0020189639180898666,-0.006727944128215313,2.4447030227747746e-05,-0.0032234606333076954,-0.0002759024209808558,-1.222558353219938e-06,0.001135003287345171,-0.0008947481401264668,2.2202195850695716e-06,-0.0020432882010936737,0.003625993151217699,1.041238647303544e-05,0.002092676470056176,-0.000741254654712975,5.669302936439635e-06,0.0051641156896948814,0.03212951123714447,7.7967833931325e-06,-3.400932837394066e-05,0.00011325877858325839,2.195134385374331e-08,0.00020531340851448476,-0.0014162390725687146,-8.712965609447565e-06,-3.3107648050645366e-05,9.347451850771904e-06,-1.4300662769528572e-06,-1.338055244559655e-05,-5.091503408038989e-05,2.698647563192935e-07,-0.0029990633483976126,-0.0019840248860418797,-0.00443335622549057,0.00023189843341242522,0.0011982200667262077,-8.948288154897455e-08,-1.3488445802067872e-05,-2.2259122488321736e-05,1.49483526001859e-06,0.0016865002689883113,0.0013083742232993245,3.0940811939217383e-06,0.0015382036799564958,0.0014491456095129251,-4.7608833142476215e-07,-0.0010338752763345838,-0.0005549433990381658,9.636664799472783e-07,-0.000662904407363385,-8.041539331316017e-06,-1.2343862181296572e-06,0.0008809753926470876,-0.00024786803987808526,0.0010721238795667887,1.0487984582141507e-05,1.5572619304293767e-05,-1.9824951777991373e-06,0.0014479850651696324,-0.007062233984470367,0.0019393902039155364,7.292507507372648e-05,0.001000848482362926,0.003425241680815816],"mean_pitch":[0.8270145058631897],"mean_yaw":[0.629300594329834],"mean_roll":[-0.9646087884902954],"mean_lip":[0.1807655394077301],"mean_eyes":[0.3007335960865021,0.32696598768234253],"std_scale":[0.04870254918932915],"std_R":[0.004915652330964804,0.041384048759937286,0.06500924378633499,0.040281638503074646,0.0058844732120633125,0.08459536731243134,0.06582728028297424,0.08409789949655533,0.007174156606197357],"std_t":[0.02629668638110161,0.029072359204292297,0.0],"std_exp":[0.008829019963741302,0.0138050252571702,8.398972568102181e-05,0.007622402161359787,0.005864361766725779,6.081912943045609e-06,0.00456651858985424,0.007283391430974007,2.1508910776901757e-06,0.006629805080592632,0.005460489075630903,1.9856957806041464e-05,0.009102098643779755,0.010885108262300491,4.453124711290002e-05,0.0157705619931221,0.035180993378162384,4.1187005990650505e-05,0.001369018224067986,0.0028043182101100683,5.347441174308187e-07,0.007250868249684572,0.01048216037452221,1.991357385122683e-05,0.0005596098490059376,0.0008673876291140914,8.18696844362421e-06,0.0015184495132416487,0.0006760110845789313,7.125348929548636e-06,0.008562752045691013,0.009791725315153599,0.014077747240662575,0.00278482586145401,0.0049461075104773045,4.715376235253643e-06,0.00018969866505358368,0.0013177022337913513,2.3460545435227687e-06,0.0035052960738539696,0.0033658426254987717,6.229640803212533e-06,0.002522258087992668,0.005645276512950659,1.991800672840327e-06,0.0020691484678536654,0.00538109615445137,9.789240721147507e-06,0.0024214505683630705,0.003209360409528017,7.783468390698545e-06,0.0035516037605702877,0.004630018956959248,0.0031022727489471436,0.000784103584010154,0.0023320703767240047,8.258626621682197e-06,0.00444090785458684,0.018801743164658546,0.004439889453351498,0.0035651454236358404,0.008358863182365894,0.0050436509773135185],"std_pitch":[4.874713897705078],"std_yaw":[3.7364280223846436],"std_roll":[2.382361650466919],"std_lip":[0.08875278383493423],"std_eyes":[0.05646369978785515,0.057268429547548294],"max_scale":[1.8134071826934814],"max_R":[1.0,0.32129693031311035,0.4963146448135376,0.34261414408683777,1.0,0.3908635079860687,0.3871856927871704,0.5680397152900696,1.0],"max_t":[0.37969958782196045,0.6689469218254089,0.0],"max_exp":[0.22822295129299164,0.05938053876161575,0.0003591706044971943,0.28816789388656616,0.07966259121894836,0.00038853337173350155,0.0669693574309349,0.13132448494434357,6.592927820747718e-05,0.02362552098929882,0.0264419112354517,0.0005095408414490521,0.16479486227035522,0.2646470069885254,0.0002735790330916643,0.12481702864170074,0.12406602501869202,0.00039103045128285885,0.007854469120502472,0.262727290391922,3.874203684972599e-06,0.0870898962020874,0.46484366059303284,0.0019138200441375375,0.04473629593849182,0.0046652513556182384,8.958432590588927e-05,0.010694551281630993,0.06731361150741577,1.5479592548217624e-05,0.027101056650280952,0.03265245631337166,0.022196821868419647,0.05150417983531952,0.05911842733621597,0.00031609454890713096,0.015065076760947704,0.002366076223552227,2.3832835722714663e-05,0.06784293055534363,0.0276690274477005,0.0005812526796944439,0.018528122454881668,0.03780331462621689,1.4824006939306855e-05,0.04467751830816269,0.1318007856607437,5.6885997764766216e-05,0.04238540306687355,0.066414974629879,0.00022618001094087958,0.06296813488006592,0.0895584300160408,0.013808231800794601,0.064216248691082,0.1616489440202713,0.00015848191105760634,0.05616705119609833,0.10190542042255402,0.045484356582164764,0.04633338749408722,0.064775750041008,0.1707248091697693],"max_pitch":[23.30401611328125],"max_yaw":[22.024520874023438],"max_roll":[18.950889587402344],"max_lip":[0.3812112808227539],"max_eyes":[0.3833670914173126,0.40048426389694214],"min_scale":[0.8600337505340576],"min_R":[0.8665707111358643,-0.32667505741119385,-0.3750033974647522,-0.3368503153324127,0.8229339122772217,-0.5662840008735657,-0.49893999099731445,-0.38786780834198,0.8180673718452454],"min_t":[-0.4271622598171234,-0.20631781220436096,0.0],"min_exp":[-0.09423723071813583,-0.3883616030216217,-0.0046570515260100365,-0.024547899141907692,-0.08451241254806519,-4.7496498154941946e-05,-0.044602371752262115,-0.07513497769832611,-0.0002555373648647219,-0.21565160155296326,-0.11938263475894928,-0.0002951367641799152,-0.0583820678293705,-0.055762048810720444,-0.002749878913164139,-0.07829026877880096,-0.34240856766700745,-0.0021461136639118195,-0.14004629850387573,-0.048378605395555496,-2.905660767282825e-05,-0.029339097440242767,-0.0374026782810688,-0.0008507961174473166,-0.035355471074581146,-0.05651320144534111,-0.0004624712164513767,-0.10374878346920013,-0.02448166161775589,-0.00047039889614097774,-0.28692877292633057,-0.2540329396724701,-0.7304202318191528,-0.008300325833261013,-0.018518779426813126,-4.7290413931477815e-05,-0.012741019949316978,-0.0892024114727974,-0.00014632890815846622,-0.015798719599843025,-0.04310893267393112,-0.0003593710425775498,-0.02864145115017891,-0.06312458217144012,-0.00012114052515244111,-0.014095420017838478,-0.014071602374315262,-0.0006639193161390722,-0.04288875684142113,-0.02706618793308735,-0.0003537566517479718,-0.012910574674606323,-0.031711481511592865,-0.015026303939521313,-0.003647199831902981,-0.007663257885724306,-0.0004910058341920376,-0.05145915970206261,-0.11626502871513367,-0.01995757222175598,-0.035195328295230865,-0.04305333271622658,-0.017519285902380943],"min_pitch":[-34.67388153076172],"min_yaw":[-29.75647735595703],"min_roll":[-19.167724609375],"min_lip":[0.0009581542108207941],"min_eyes":[0.009388329461216927,0.0074606058187782764],"abs_max_scale":[1.8134071826934814],"abs_max_R":[1.0,0.32667505741119385,0.4963146448135376,0.34261414408683777,1.0,0.5662840008735657,0.49893999099731445,0.5680397152900696,1.0],"abs_max_t":[0.4271622598171234,0.6689469218254089,0.0],